<?xml version="1.0" encoding="UTF-8" standalone="yes"?>
<addon id="script.playlistgenerator" name="Playlist Generator Plus" version="1.5.2" provider-name="Tha-G-Thang">
    <requires>
        <import addon="xbmc.python" version="3.0.0"/>
        <import addon="plugin.video.youtube" version="7.0.1" optional="true"/>
    </requires>

    <extension point="xbmc.python.script" library="default.py">
        <provides>executable</provides>
    </extension>

    <extension point="xbmc.service" library="service.py">
        <provides>executable</provides>
    </extension>

    <extension point="xbmc.addon.metadata">
        <summary lang="en">Lightweight Playlist Generator</summary>
        <description lang="en">
            G-enerates Video-Playlists.
            Specialized for Hard-to- Video Collections.
        </description>
        <assets>
            <icon>resources/icon.png</icon>
            <fanart>resources/fanart.jpg</fanart>
        </assets>
    </extension>
</addon>